"id","geom","school_cod","sch_name","lea_name_e","school_ty0","gender_mix","school_lan","status_nam","address_1","address_2","address_3","postcode","full_detai"
1,"0101000020346C00007CA8D65434C10D41E63E4F49E0EE1741","6604025","Ysgol Syr Thomas Jones","Isle of Anglesey","Uwchradd (ystod oedran 11-19)","Mixed","Bilingual (Type B)","Open","Pentrefelin","Amlwch","Ynys Mon","LL68 9TH","http://mylocalschool.wales.gov.uk/School/6604025"
2,"0101000020346C000044C7A85A865F0B41A89DA35A945A1741","6604026","Ysgol Uwchradd Caergybi","Isle of Anglesey","Uwchradd (ystod oedran 11-19)","Mixed","English with significant Welsh","Open","Caergybi","Ynys Môn",NULL,"LL65 1NP","http://mylocalschool.wales.gov.uk/School/6604026"
3,"0101000020346C0000B2C55DC82CF20D41ED35756C04EF1641","6604027","Ysgol Gyfun Llangefni","Isle of Anglesey","Uwchradd (ystod oedran 11-19)","Mixed","Bilingual (Type B)","Open","Llangefni","Ynys Môn",NULL,"LL77 7NG","http://mylocalschool.wales.gov.uk/School/6604027"
4,"0101000020346C0000B26C52D692190F41F3C83751D6B91641","6604028","Ysgol David Hughes","Isle of Anglesey","Uwchradd (ystod oedran 11-19)","Mixed","Bilingual (Type B)","Open","Ffordd Pentraeth","Porthaethwy","Ynys Môn","LL59 5SS","http://mylocalschool.wales.gov.uk/School/6604028"
5,"0101000020346C000072558CBB47750C410B381D927F321741","6604029","Ysgol Uwchradd Bodedern","Isle of Anglesey","Uwchradd (ystod oedran 11-19)","Mixed","Bilingual (Type B)","Open","Bro Alaw","Bodedern","Caergybi","LL65 3SU","http://mylocalschool.wales.gov.uk/School/6604029"
6,"0101000020346C0000B28B0B0331FF0F41A0D5CE2141671641","6614002","Ysgol Dyffryn Ogwen Bethesda","Gwynedd","Uwchradd (ystod oedran 11-19)","Mixed","Bilingual (Type A)","Open","Ffordd Coetmor","Bethesda","Gwynedd","LL57 3NN","http://mylocalschool.wales.gov.uk/School/6614002"
7,"0101000020346C0000D242E1C2029F0B41E667FCCE703B1441","6614003","Ysgol Botwnnog","Gwynedd","Uwchradd (ystod oedran 11-16)","Mixed","Bilingual (Type A)","Open","Botwnnog","Llyn","Gwynedd","LL53 8PY","http://mylocalschool.wales.gov.uk/School/6614003"
8,"0101000020346C0000E5E2A134BDF30E41BA8F33F07F331641","6614004","Ysgol Brynrefail","Gwynedd","Uwchradd (ystod oedran 11-19)","Mixed","Bilingual (Type A)","Open","Llanrug","Caernarfon","Gwynedd","LL55 4AD","http://mylocalschool.wales.gov.uk/School/6614004"
9,"0101000020346C0000E79CFB4146320E417F880A4EDF8D1541","6614007","Ysgol Dyffryn Nantlle","Gwynedd","Uwchradd (ystod oedran 11-19)","Mixed","Bilingual (Type A)","Open","Ffordd Y Brenin","Penygroes","Gwynedd","LL54 6RL","http://mylocalschool.wales.gov.uk/School/6614007"
10,"0101000020346C000075C12F15DB5A0F41A5CAAF856AB51441","6614009","Ysgol Eifionydd","Gwynedd","Uwchradd (ystod oedran 11-16)","Mixed","Bilingual (Type A)","Open","Porthmadog","Gwynedd",NULL,"LL49 9HS","http://mylocalschool.wales.gov.uk/School/6614009"
11,"0101000020346C0000DC4CEF44B5AC10413E2E68D7FE621341","6614030","Ysgol Y Gader","Gwynedd","Uwchradd (ystod oedran 11-16)","Mixed","Bilingual (Type A)","Closed","Dolgellau","Gwynedd","null","LL40 1HY","http://mylocalschool.wales.gov.uk/School/6614030"
12,"0101000020346C00002FBDFB60F07A1041241F87D9E3171541","6614031","Ysgol Y Moelwyn","Gwynedd","Uwchradd (ystod oedran 11-16)","Mixed","Bilingual (Type A)","Open","Heol Wynne","Blaenau Ffestiniog","Gwynedd","LL41 3DW","http://mylocalschool.wales.gov.uk/School/6614031"
13,"0101000020346C0000EA237DF02C8F0F419DBB3B85C9581241","6614032","Ysgol Uwchradd Tywyn","Gwynedd","Uwchradd (ystod oedran 11-16)","Mixed","Bilingual (Type A)","Open","Station Road","Tywyn","Gwynedd","LL36 9EU","http://mylocalschool.wales.gov.uk/School/6614032"
14,"0101000020346C0000D3869EA23FDC1141EB4D5E1CD3851441","6614033","Ysgol Y Berwyn","Gwynedd","Uwchradd (ystod oedran 11-19)","Mixed","Bilingual (Type A)","Open","Y Bala","Gwynedd",NULL,"LL23 7BN","http://mylocalschool.wales.gov.uk/School/6614033"
15,"0101000020346C000026D4E5452F7D0F41BCB1C4779B3B1441","6614034","Ysgol Ardudwy","Gwynedd","Uwchradd (ystod oedran 11-16)","Mixed","Bilingual (Type A)","Open","Ffordd y Traeth","Harlech","Gwynedd","LL46 2UH","http://mylocalschool.wales.gov.uk/School/6614034"
16,"0101000020346C000060595E4B354C0F41F9A99C9FEDA61641","6614036","Ysgol Friars","Gwynedd","Uwchradd (ystod oedran 11-19)","Mixed","English with significant Welsh","Open","Lon y Bryn","Bangor","Gwynedd","LL57 2LN","http://mylocalschool.wales.gov.uk/School/6614036"
17,"0101000020346C00009826C655BD5B0F413ABFC493ADAA1641","6614037","Ysgol Tryfan","Gwynedd","Uwchradd (ystod oedran 11-19)","Mixed","Bilingual (Type A)","Open","Lon Powys","Bangor","Gwynedd","LL57 2TU","http://mylocalschool.wales.gov.uk/School/6614037"
18,"0101000020346C000074E4BBAE0F5B0E4184088763982D1641","6614039","Ysgol Syr Hugh Owen","Gwynedd","Uwchradd (ystod oedran 11-19)","Mixed","Bilingual (Type A)","Open","Bethel Road","Caernarfon","Gwynedd","LL55 1HW","http://mylocalschool.wales.gov.uk/School/6614039"
19,"0101000020346C00004C4C41FBFFF00C4199CC2373A2681441","6614040","Ysgol Glan Y Mor","Gwynedd","Uwchradd (ystod oedran 11-16)","Mixed","Bilingual (Type A)","Open","Ffordd Caerdydd","Pwllheli","Gwynedd","LL53 5NU","http://mylocalschool.wales.gov.uk/School/6614040"
20,"0101000020346C00005F96AAE532FF1041AB1188A67A471741","6624022","Ysgol John Bright","Conwy","Uwchradd (ystod oedran 11-19)","Mixed","English medium","Open","Maesdu Road","Llandudno",NULL,"LL30 1LF","http://mylocalschool.wales.gov.uk/School/6624022"
21,"0101000020346C0000B448D0F1A6F11041AAFCDB2AC6151741","6624023","Ysgol Aberconwy","Conwy","Uwchradd (ystod oedran 11-19)","Mixed","English medium","Open","Morfa Drive","Conwy",NULL,"LL32 8ED","http://mylocalschool.wales.gov.uk/School/6624023"
22,"0101000020346C0000858D3CDAC4241141377D61126F0A1641","6624035","Ysgol Dyffryn Conwy","Conwy","Uwchradd (ystod oedran 11-19)","Mixed","Bilingual (Type B)","Open","Nebo Road","Llanrwst","null","LL26 0SD","http://mylocalschool.wales.gov.uk/School/6624035"
23,"0101000020346C000092F196BFB32F1141631ACCA53A3F1741","6624038","Ysgol Y Creuddyn","Conwy","Uwchradd (ystod oedran 11-19)","Mixed","Welsh medium","Open","Ffordd Dderwen","Bae Penrhyn","Llandudno","LL30 3LB","http://mylocalschool.wales.gov.uk/School/6624038"
24,"0101000020346C0000E74987F44D0012411A4A29D2B60C1741","6625400","Ysgol Emrys Ap Iwan","Conwy","Uwchradd (ystod oedran 11-19)","Mixed","English medium","Open","Faenol Avenue","Abergele","Conwy","LL22 7HE","http://mylocalschool.wales.gov.uk/School/6625400"
25,"0101000020346C000004EDFF39CE6E1141321B473DDC191741","6625402","Eirias High School","Conwy","Uwchradd (ystod oedran 11-19)","Mixed","English medium","Open","Eirias Road","Colwyn Bay",NULL,"LL29 7SP","http://mylocalschool.wales.gov.uk/School/6625402"
26,"0101000020346C0000E8D0CA645E7B114187C6E99788101741","6625403","Ysgol Bryn Elian","Conwy","Uwchradd (ystod oedran 11-19)","Mixed","English medium","Open","Windsor Drive","Colwyn Bay","Conwy","LL29 8HU","http://mylocalschool.wales.gov.uk/School/6625403"
27,"0101000020346C0000D9439E2D676F12411B8E88534C481741","6634003","Rhyl High School","Denbighshire","Uwchradd (ystod oedran 11-16)","Mixed","English medium","Open","Grange Road","Rhyl","Denbighshire","LL18 4BY","http://mylocalschool.wales.gov.uk/School/6634003"
28,"0101000020346C00001601B65678B312414B0CF092A5501741","6634014","Prestatyn High School","Denbighshire","Uwchradd (ystod oedran 11-19)","Mixed","English medium","Open","2 Princes Avenue","Prestatyn","Denbighshire","LL19 8RS","http://mylocalschool.wales.gov.uk/School/6634014"
29,"0101000020346C00005A3FF9F560901241BC81B54E13D51641","6634020","Ysgol Uwchradd Glan Clwyd","Denbighshire","Uwchradd (ystod oedran 11-19)","Mixed","Welsh medium","Open","Ffordd Dinbych","Llanelwy","Sir Ddinbych","LL17 0RP","http://mylocalschool.wales.gov.uk/School/6634020"
30,"0101000020346C000088451E7C74AD12410447EA857F5B1641","6634026","Denbigh High School","Denbighshire","Uwchradd (ystod oedran 11-19)","Mixed","English medium","Open","Ruthin Road","Denbigh","Denbighshire","LL16 3EX","http://mylocalschool.wales.gov.uk/School/6634026"
31,"0101000020346C0000EC6E3D0B6A9F13417287614449E51441","6634027","Ysgol Dinas Bran","Denbighshire","Uwchradd (ystod oedran 11-19)","Mixed","Bilingual (Type B)","Open","Dinbren Road","Llangollen","Denbighshire","LL20 8TG","http://mylocalschool.wales.gov.uk/School/6634027"
32,"0101000020346C00001B4121BE6D1E13415E8873511BDE1541","6634031","Ysgol Brynhyfryd","Denbighshire","Uwchradd (ystod oedran 11-19)","Mixed","Bilingual (Type B)","Open","Mold Road","Ruthin","Denbighshire","LL15 1EG","http://mylocalschool.wales.gov.uk/School/6634031"
33,"0101000020346C0000D67A03D454691241F56F3C78233D1741","6634601","Blessed Edward Jones High School","Denbighshire","Uwchradd (ystod oedran 11-16)","Mixed","English medium","Due to close","Cefndy Road","Rhyl","Denbighshire","LL18 2EU","http://mylocalschool.wales.gov.uk/School/6634601"
34,"0101000020346C0000937553C7082C14413E78C415215A1641","6644000","Hawarden High School","Flintshire","Uwchradd (ystod oedran 11-19)","Mixed","English medium","Open","The Highway","Hawarden","Deeside","CH5 3DJ","http://mylocalschool.wales.gov.uk/School/6644000"
35,"0101000020346C0000CF96DF34BEC31341F0BE510A112C1641","6644006","Alun School","Flintshire","Uwchradd (ystod oedran 11-19)","Mixed","English medium","Open","Wrexham Road","Mold","Flintshire","CH7 1EP","http://mylocalschool.wales.gov.uk/School/6644006"
36,"0101000020346C0000F40D097F400014414C857075F43D1641","6644011","Elfed High School","Flintshire","Uwchradd (ystod oedran 11-16)","Mixed","English medium","Open","Mill Lane","Buckley","Flintshire","CH7 3HQ","http://mylocalschool.wales.gov.uk/School/6644011"
37,"0101000020346C0000F842E9A7757913412BD56DD1E7F31641","6644012","Ysgol Treffynnon","Flintshire","Uwchradd (ystod oedran 11-16)","Mixed","English medium","Open","The Strand","Holywell","Flintshire","CH8 7AW","http://mylocalschool.wales.gov.uk/School/6644012"
38,"0101000020346C00002754F1A2C79614412C8726D53B451641","6644013","St. David's High School","Flintshire","Uwchradd (ystod oedran 11-16)","Mixed","English medium","Open","St David's Terrace","Saltney","Chester","CH4 0AE","http://mylocalschool.wales.gov.uk/School/6644013"
39,"0101000020346C00001C1FB8665E3014412803C500E9E01541","6644017","Castell Alun High School","Flintshire","Uwchradd (ystod oedran 11-19)","Mixed","English medium","Open","Fagl Lane","Hope","Flintshire","LL12 9PY","http://mylocalschool.wales.gov.uk/School/6644017"
40,"0101000020346C000092B1BB6029C4134149D8E09C132E1641","6644018","Maes Garmon","Flintshire","Uwchradd (ystod oedran 11-19)","Mixed","Welsh medium","Open","Stryd Conwy","Yr Wyddgrug","Sir Y Fflint","CH7 1JB","http://mylocalschool.wales.gov.uk/School/6644018"
41,"0101000020346C0000E7F229A7C33714415F5EC8D5D5781641","6644019","John Summers High School","Flintshire","Uwchradd (ystod oedran 11-16)","Mixed","English medium","Closed","Chester Road West","Queensferry","Deeside","CH5 1SE","http://mylocalschool.wales.gov.uk/School/6644019"
42,"0101000020346C00007CB15EF62ECA134100643D49C3B31641","6644021","Flint High School","Flintshire","Uwchradd (ystod oedran 11-19)","Mixed","English medium","Open","Maes Hyfryd","Flintshire",NULL,"CH6 5LL","http://mylocalschool.wales.gov.uk/School/6644021"
43,"0101000020346C0000FBD7B2CC24061441906F416EB4961641","6644022","Connah's Quay High School,","Flintshire","Uwchradd (ystod oedran 11-16)","Mixed","English medium","Open","Golftyn Lane","Connah's Quay","Flintshire","CH5 4BH","http://mylocalschool.wales.gov.uk/School/6644022"
44,"0101000020346C0000C006C95A8FEA13414FBEB09DFF401641","6644042","Argoed High School","Flintshire","Uwchradd (ystod oedran 11-16)","Mixed","English medium","Open","Bryn Road","Bryn Y Baal","Nr Mold","CH7 6RY","http://mylocalschool.wales.gov.uk/School/6644042"
45,"0101000020346C0000B8C618F48CD31341A6307DB27BB61641","6644600","St. Richard Gwyn Catholic High School","Flintshire","Uwchradd (ystod oedran 11-19)","Mixed","English medium","Open","Albert Avenue","Flint","null","CH6 5JZ","http://mylocalschool.wales.gov.uk/School/6644600"
46,"0101000020346C00009960B8749618144168EF67438D2D1541","6654029","Grango","Wrexham","Uwchradd (ystod oedran 11-16)","Mixed","English medium","Open","Vinegar Hill","Rhos","Wrexham","LL14 1EL","http://mylocalschool.wales.gov.uk/School/6654029"
47,"0101000020346C00003026411DF77314410078E15AF9691541","6654032","Ysgol Morgan Llwyd","Wrexham","Uwchradd (ystod oedran 11-19)","Mixed","Welsh medium","Open","Ffordd Cefn","Wrecsam",NULL,"LL13 9NG","http://mylocalschool.wales.gov.uk/School/6654032"
48,"0101000020346C0000CF6965D87E3B1441B08D5303B1941541","6654033","Ysgol Bryn Alyn","Wrexham","Uwchradd (ystod oedran 11-16)","Mixed","English medium","Open","Church Street","Gwersyllt","Wrexham","LL11 4HB","http://mylocalschool.wales.gov.uk/School/6654033"
49,"0101000020346C0000C2A9D8EED79614418A9B2B39ADD51541","6654034","Darland High School","Wrexham","Uwchradd (ystod oedran 11-16)","Mixed","English medium","Open","Chester Road","Rossett","Wrexham","LL12 0DL","http://mylocalschool.wales.gov.uk/School/6654034"
50,"0101000020346C00009AFE9193FF1F144159CE16D7D5FE1441","6654044","Ysgol Rhiwabon","Wrexham","Uwchradd (ystod oedran 11-19)","Mixed","English medium","Open","Ruabon","Wrexham",NULL,"LL14 6BT","http://mylocalschool.wales.gov.uk/School/6654044"
51,"0101000020346C0000BD1747EE01701441FE0D440D0D711541","6654048","Rhosnesni High School","Wrexham","Uwchradd (ystod oedran 11-16)","Mixed","English medium","Open","Rhosnesni Lane","Wrexham",NULL,"LL13 9ET","http://mylocalschool.wales.gov.uk/School/6654048"
52,"0101000020346C0000284EEA070448144168B7E758F85C1541","6654049","Ysgol Clywedog","Wrexham","Uwchradd (ystod oedran 11-16)","Mixed","English medium","Open","Ruthin Road","Wrexham","null","LL13 7UB","http://mylocalschool.wales.gov.uk/School/6654049"
53,"0101000020346C0000137E92D436571441303A7EC8A5531541","6654603","St Joseph's Catholic And Anglican High","Wrexham","Uwchradd (ystod oedran 11-16)","Mixed","English medium","Open","Sontley Road","Wrexham",NULL,"LL13 7EN","http://mylocalschool.wales.gov.uk/School/6654603"
54,"0101000020346C0000A0E6791EACDB1441311F86DA48BE1441","6655401","The Maelor School","Wrexham","Uwchradd (ystod oedran 11-19)","Mixed","English medium","Open","Penley","Wrexham",NULL,"LL13 0LU","http://mylocalschool.wales.gov.uk/School/6655401"
55,"0101000020346C0000EE6C949DFAEE124158D3521FF7B61241","6664000","Ysgol Uwchradd Caereinion High School","Powys","Uwchradd (ystod oedran 11-19)","Mixed","Bilingual (Type B)","Open","Llanfair Caereinion","Welshpool","Powys","SY21 0HW","http://mylocalschool.wales.gov.uk/School/6664000"
56,"0101000020346C0000A624B77C152F134121F927576D7B1341","6664001","Llanfyllin High School","Powys","Uwchradd (ystod oedran 11-19)","Mixed","Bilingual (Type C)","Open","Llanfyllin","Powys",NULL,"SY22 5BJ","http://mylocalschool.wales.gov.uk/School/6664001"
57,"0101000020346C0000B0F682BB7C0212412943923E66521141","6664002","Llanidloes High School","Powys","Uwchradd (ystod oedran 11-19)","Mixed","English with significant Welsh","Open","Llanidloes","Powys",NULL,"SY18 6EX","http://mylocalschool.wales.gov.uk/School/6664002"
58,"0101000020346C0000FC78FBC747F212417C9300766DBF1141","6664011","Newtown High School","Powys","Uwchradd (ystod oedran 11-19)","Mixed","English medium","Open","Dolfor Road","Newtown","Powys","SY16 1JE","http://mylocalschool.wales.gov.uk/School/6664011"
59,"0101000020346C000087F1A79964BA134153C814EBD4CE1241","6664013","Welshpool High School","Powys","Uwchradd (ystod oedran 11-19)","Mixed","English medium","Open","Salop Road","Welshpool","Powys","SY21 7RE","http://mylocalschool.wales.gov.uk/School/6664013"
60,"0101000020346C000048507B8A48A612419AB829B614EC0F41","6664019","Llandrindod High School","Powys","Uwchradd (ystod oedran 11-19)","Mixed","English medium","Due to close","Dyffryn Road","Llandrindod Wells","Powys","LD1 6AW","http://mylocalschool.wales.gov.uk/School/6664019"
61,"0101000020346C00002E5AE637078B1241ACFB84150BAC0E41","6664020","Builth Wells High School","Powys","Uwchradd (ystod oedran 11-19)","Mixed","Bilingual (Type C)","Due to close","College Road","Builth Wells","Powys","LD2 3BW","http://mylocalschool.wales.gov.uk/School/6664020"
62,"0101000020346C0000EB07B6DADAF9104118238E74768C0941","6664021","Ysgol Maesydderwen","Powys","Uwchradd (ystod oedran 11-19)","Mixed","English medium","Open","Tudor Street","Ystradgynlais","Swansea","SA9 1AP","http://mylocalschool.wales.gov.uk/School/6664021"
63,"0101000020346C0000151533A83D9D124178BA7E1C35F50B41","6664022","Brecon High School","Powys","Uwchradd (ystod oedran 11-19)","Mixed","English with significant Welsh","Open","Penlan","Brecon","Powys","LD3 9SR","http://mylocalschool.wales.gov.uk/School/6664022"
64,"0101000020346C0000E6B2D3F0AF621341BC7E89BE1EF90C41","6664023","Gwernyfed High School","Powys","Uwchradd (ystod oedran 11-19)","Mixed","English medium","Open","Three Cocks","Brecon","Powys","LD3 0SG","http://mylocalschool.wales.gov.uk/School/6664023"
65,"0101000020346C0000576E6318F79F13412A0F8A644CB10A41","6664024","Crickhowell High School","Powys","Uwchradd (ystod oedran 11-19)","Mixed","English medium","Open","New Road","Crickhowell","Powys","NP8 1AW","http://mylocalschool.wales.gov.uk/School/6664024"
66,"0101000020346C00007E7710DB580A0E410815FC7D3F061041","6674042","Gyfun Aberaeron Comprehensive","Ceredigion","Uwchradd (ystod oedran 11-19)","Mixed","Bilingual (Type C)","Open","Stryd Y Fro","Aberaeron","Ceredigion","SA46 0DT","http://mylocalschool.wales.gov.uk/School/6674042"
67,"0101000020346C00003F230EFBE5A00A41CC4056413D1A0E41","6674044","Ysgol Uwchradd Aberteifi","Ceredigion","Uwchradd (ystod oedran 11-19)","Mixed","Bilingual (Type C)","Open","Park Place","Aberteifi","Ceredigion","SA43 1AD","http://mylocalschool.wales.gov.uk/School/6674044"
68,"0101000020346C0000BF94AA6737BE0F412E0653C359321141","6674047","Penglais School","Ceredigion","Uwchradd (ystod oedran 11-19)","Mixed","English medium","Open","Waunfawr","Aberystwyth","Ceredigion","SY23 3AW","http://mylocalschool.wales.gov.uk/School/6674047"
69,"0101000020346C000037FE3E3D34AC0F41C098ABE6F6271141","6674048","Ysgol Gyfun Penweddig","Ceredigion","Uwchradd (ystod oedran 11-19)","Mixed","Bilingual (Type A)","Open","Ffordd Llanbadarn","Llangawsai","Aberystwyth","SY23 3QN","http://mylocalschool.wales.gov.uk/School/6674048"
70,"0101000020346C0000ED379423CC730D414C4E14095D620D41","6674059","Ysgol Dyffryn Teifi","Ceredigion","Uwchradd (ystod oedran 11-19)","Mixed","Bilingual (Type A)","Closed","Heol Llyn y Fran","Llandysul","Ceredigion","SA44 4HP","http://mylocalschool.wales.gov.uk/School/6674059"
71,"0101000020346C00003053143589CC074146B5274986F80C41","6684031","Ysgol Bro Gwaun","Pembrokeshire","Uwchradd (ystod oedran 11-19)","Mixed","English with significant Welsh","Open","Heol Dyfed","Fishguard","Pembrokeshire","SA65 9DT","http://mylocalschool.wales.gov.uk/School/6684031"
72,"0101000020346C00007912377B0B7C05415A2B1765FE820B41","6684034","Ysgol Dewi Sant","Pembrokeshire","Uwchradd (ystod oedran 11-19)","Mixed","English medium","Due to close","St David's","Haverfordwest","Pembrokeshire","SA62 6QH","http://mylocalschool.wales.gov.uk/School/6684034"
73,"0101000020346C00004F6E626B49F0094148471625F77D0841","6684035","Ysgol Greenhill School","Pembrokeshire","Uwchradd (ystod oedran 11-19)","Mixed","English medium","Open","Heywood Lane","Tenby","Pembrokeshire","SA70 8BN","http://mylocalschool.wales.gov.uk/School/6684035"
74,"0101000020346C00001535D5B6A9230841467E34A30BB70841","6684038","Pembroke School","Pembrokeshire","Uwchradd (ystod oedran 11-19)","Mixed","English medium","Open","Bush","Pembroke","Pembrokeshire","SA71 4RL","http://mylocalschool.wales.gov.uk/School/6684038"
75,"0101000020346C00003D133D97DBE90741B8A92112DA5D0A41","6684055","Sir Thomas Picton School","Pembrokeshire","Uwchradd (ystod oedran 11-19)","Mixed","English medium","Due to close","Queensway","Haverfordwest","Pembrokeshire","SA61 2NX","http://mylocalschool.wales.gov.uk/School/6684055"
76,"0101000020346C0000C58D077A425A0741288B80FDCD490941","6684063","Milford Haven School","Pembrokeshire","Uwchradd (ystod oedran 11-19)","Mixed","English medium","Open","Steynton Road","Milford Haven","Pembrokeshire","SA73 1AE","http://mylocalschool.wales.gov.uk/School/6684063"
77,"0101000020346C0000C6179B883EA40A41921816F5A3820C41","6684064","Ysgol y Preseli","Pembrokeshire","Uwchradd (ystod oedran 11-19)","Mixed","Bilingual (Type A)","Open","Crymych","Preseli","Sir Benfro","SA41 3QH","http://mylocalschool.wales.gov.uk/School/6684064"
78,"0101000020346C000017B90046ADBE07419C2A9079D9440A41","6684511","Tasker-Milward V.C. School","Pembrokeshire","Uwchradd (ystod oedran 11-19)","Mixed","English medium","Due to close","Off Portfield Avenue","Haverfordwest","Pembrokeshire","SA61 1EQ","http://mylocalschool.wales.gov.uk/School/6684511"
79,"0101000020346C000004CF9043DA0F1041A00BA2405DF60941","6694029","Ysgol Dyffryn Aman","Carmarthenshire","Uwchradd (ystod oedran 11-19)","Mixed","Bilingual (Type B)","Open","Margaret Street","Ammanford","Carmarthenshire","SA18 2NW","http://mylocalschool.wales.gov.uk/School/6694029"
80,"0101000020346C0000E3E2C33AF9BA0E4102188187CE690841","6694050","Coedcae School","Carmarthenshire","Uwchradd (ystod oedran 11-16)","Mixed","English medium","Open","Trostre Road","Llanelli","Carmarthenshire","SA15 1LJ","http://mylocalschool.wales.gov.uk/School/6694050"
81,"0101000020346C000088450BE6496D0E41400311EDD1860841","6694052","Ysgol Gyfun Y Strade","Carmarthenshire","Uwchradd (ystod oedran 11-19)","Mixed","Bilingual (Type A)","Open","Heol Sandy","Llanelli","Carmarthenshire","SA15 4DL","http://mylocalschool.wales.gov.uk/School/6694052"
82,"0101000020346C000010C594AA89D00D411C51D49737890841","6694053","Glan-y-Mor School","Carmarthenshire","Uwchradd (ystod oedran 11-16)","Mixed","English medium","Open","Heol Elfed","Burry Port","Carmarthenshire","SA16 0AL","http://mylocalschool.wales.gov.uk/School/6694053"
83,"0101000020346C0000C690F8B44FCE0E414A89BB99859E0841","6694054","Bryngwyn School","Carmarthenshire","Uwchradd (ystod oedran 11-16)","Mixed","English medium","Open","Dafen","Llanelli","Carmarthenshire","SA14 8RP","http://mylocalschool.wales.gov.uk/School/6694054"
84,"0101000020346C0000001BEAA1686D0D418AB1835DC5930A41","6694056","Ysgol Gyfun Gymraeg Bro Myrddin","Carmarthenshire","Uwchradd (ystod oedran 11-19)","Mixed","Welsh medium","Open","Croesyceiliog","Caerfyrddin","Sir Gaerfyrddin","SA32 8DN","http://mylocalschool.wales.gov.uk/School/6694056"
85,"0101000020346C00008491C9BB2C270C4104594F1732530D41","6694060","Ysgol Gyfun Emlyn","Carmarthenshire","Uwchradd (ystod oedran 11-19)","Mixed","English with significant Welsh","Open","Newcastle Emlyn",NULL,"Carmarthenshire","SA38 9LN","http://mylocalschool.wales.gov.uk/School/6694060"
86,"0101000020346C00000779285FCB530D4138F418E491BA0A41","6694063","Queen Elizabeth High School","Carmarthenshire","Uwchradd (ystod oedran 11-19)","Mixed","English with significant Welsh","Open","Llansteffan Road","Johnstown","Carmarthen","SA31 3NL","http://mylocalschool.wales.gov.uk/School/6694063"
87,"0101000020346C00006D57CE54E83E0F41FCF8F769FE140A41","6694064","Ysgol Maes y Gwendraeth","Carmarthenshire","Uwchradd (ystod oedran 11-19)","Mixed","Bilingual (Type A)","Open","Cefneithin Campus","74 Parc Y Heol","Cefneithin","SA14 7DT","http://mylocalschool.wales.gov.uk/School/6694064"
88,"0101000020346C0000BE0DCE821D0410418641EE5F92090B41","6694065","Ysgol Bro Dinefwr","Carmarthenshire","Uwchradd (ystod oedran 11-19)","Mixed","Bilingual (Type B)","Open","Ffairfach","Llandeilo","Carmarthenshire","SA19 6PE","http://mylocalschool.wales.gov.uk/School/6694065"
89,"0101000020346C00006C97EC5A57D40A415A932416CE7B0A41","6694512","Dyffryn Taf","Carmarthenshire","Uwchradd (ystod oedran 11-19)","Mixed","English medium","Open","North Road","Whitland","Carmarthenshire","SA34 0BD","http://mylocalschool.wales.gov.uk/School/6694512"
90,"0101000020346C0000C4EEDCF998D40E411864C31688840841","6694600","St John Lloyd Catholic Comprehensive School","Carmarthenshire","Uwchradd (ystod oedran 11-16)","Mixed","English medium","Open","Havard Road","Llanelli","Carmarthenshire","SA14 8SD","http://mylocalschool.wales.gov.uk/School/6694600"
91,"0101000020346C0000E45E8FBB1A6010413A14E26EDDE30741","6704031","Cefn Hengoed","Swansea","Uwchradd (ystod oedran 11-16)","Mixed","English medium","Open","Caldicot Road","Winch Wen","Swansea","SA1 7HX","http://mylocalschool.wales.gov.uk/School/6704031"
92,"0101000020346C0000606D976E81E40F4190354D96D08F0741","6704032","Olchfa School","Swansea","Uwchradd (ystod oedran 11-19)","Mixed","English medium","Open","Gower Road","Sketty","Swansea","SA2 7AB","http://mylocalschool.wales.gov.uk/School/6704032"
93,"0101000020346C000098203300A749104138E193D49A650841","6704033","Morriston Comprehensive","Swansea","Uwchradd (ystod oedran 11-19)","Mixed","English medium","Open","Heol Maes Eglwys","Morriston","Swansea","SA6 6NH","http://mylocalschool.wales.gov.uk/School/6704033"
94,"0101000020346C000002981DC48A3810413C451CB079CE0741","6704043","Pentrehafod School","Swansea","Uwchradd (ystod oedran 11-16)","Mixed","English medium","Open","Pentremawr Road","Hafod","Swansea","SA1 2NN","http://mylocalschool.wales.gov.uk/School/6704043"
95,"0101000020346C000055FBD4CA8604104164AADFAE78820741","6704044","Bishop Gore School","Swansea","Uwchradd (ystod oedran 11-19)","Mixed","English medium","Open","De-La-Beche Road","Sketty","Swansea","SA2 9AP","http://mylocalschool.wales.gov.uk/School/6704044"
96,"0101000020346C0000905B7BBD2C9C0F41EC08DC645C540841","6704062","Penyrheol Comprehensive School","Swansea","Uwchradd (ystod oedran 11-16)","Mixed","English medium","Open","Pontarddulais Road","Gorseinon","Swansea","SA4 4FG","http://mylocalschool.wales.gov.uk/School/6704062"
97,"0101000020346C00005534A1C350A40F41E4569A2F53E40741","6704063","Gowerton Comprehensive School","Swansea","Uwchradd (ystod oedran 11-19)","Mixed","English medium","Open","Cecil Road","Gowerton","Swansea","SA4 3DL","http://mylocalschool.wales.gov.uk/School/6704063"
98,"0101000020346C00000CE578A740820F4104D73949F8190741","6704069","Bishopston Comprehensive","Swansea","Uwchradd (ystod oedran 11-16)","Mixed","English medium","Open","The Glebe","Bishopston","Swansea","SA3 3JP","http://mylocalschool.wales.gov.uk/School/6704069"
99,"0101000020346C00000662F5DE7DB00F41E402C1FB26E80841","6704072","Pontarddulais Comprehensive School","Swansea","Uwchradd (ystod oedran 11-16)","Mixed","English medium","Open","Caecerrig Road","Pontarddulais","Swansea","SA4 8PD","http://mylocalschool.wales.gov.uk/School/6704072"
100,"0101000020346C0000C6D920F8159E0F4110B9169202F00741","6704074","Ysgol Gyfun Gwyr","Swansea","Uwchradd (ystod oedran 11-19)","Mixed","Welsh medium","Open","Talbot Street","Tregwyr","Abertawe","SA4 3DB","http://mylocalschool.wales.gov.uk/School/6704074"
101,"0101000020346C000040328D450F8510414893F3ABB83D0841","6704075","Birchgrove","Swansea","Uwchradd (ystod oedran 11-16)","Mixed","English medium","Open","Birchgrove Road","Birchgrove","Swansea","SA7 9NB","http://mylocalschool.wales.gov.uk/School/6704075"
102,"0101000020346C0000882538D1660A10415607E3D711C20741","6704076","Dylan Thomas Community School","Swansea","Uwchradd (ystod oedran 11-16)","Mixed","English medium","Open","John Street","Cockett","Swansea","SA2 0FR","http://mylocalschool.wales.gov.uk/School/6704076"
103,"0101000020346C00002018C45476251041462759C0ACFD0741","6704078","Ysgol Gyfun Gymraeg Bryn Tawe","Swansea","Uwchradd (ystod oedran 11-19)","Mixed","Welsh medium","Open","Heol Gywrosydd","Penlan","Swansea","SA5 7BU","http://mylocalschool.wales.gov.uk/School/6704078"
104,"0101000020346C0000EC97BEC92E3C104140E2692938210841","6704600","Bishop Vaughan School","Swansea","Uwchradd (ystod oedran 11-19)","Mixed","English medium","Open","Mynydd Garnlwyd Road","Morriston","Swansea","SA6 7QG","http://mylocalschool.wales.gov.uk/School/6704600"
105,"0101000020346C00003FD4637C66751141CA38EC49E0EC0741","6714047","Cymer Afan Comprehensive School","Neath Port Talbot","Uwchradd (ystod oedran 11-16)","Mixed","English medium","Open","School Road","Cymmer","Port Talbot","SA13 3EL","http://mylocalschool.wales.gov.uk/School/6714047"
106,"0101000020346C0000AF173215D3E21041F0FEB885A8300741","6714052","Glan Afan Comprehensive School","Neath Port Talbot","Uwchradd (ystod oedran 11-16)","Mixed","English medium","Closed","Station Road","Port Talbot","null","SA13 1LZ","http://mylocalschool.wales.gov.uk/School/6714052"
107,"0101000020346C000047017708F6BB10411A465BAD4A5B0741","6714056","Sandfields Comprehensive School","Neath Port Talbot","Uwchradd (ystod oedran 11-16)","Mixed","English medium","Closed","Southdown View","Sandfields","Port Talbot","SA12 7AH","http://mylocalschool.wales.gov.uk/School/6714056"
108,"0101000020346C0000B0AD8A9E660311417E1633B592E00641","6714059","Dyffryn School","Neath Port Talbot","Uwchradd (ystod oedran 11-16)","Mixed","English medium","Due to close","Bertha Road","Margam","Port Talbot","SA13 2AN","http://mylocalschool.wales.gov.uk/School/6714059"
109,"0101000020346C0000CDD3B358B3E91041622F6059CF7D0941","6714060","Ysgol Gyfun Ystalyfera","Neath Port Talbot","Uwchradd (ystod oedran 11-19)","Mixed","Welsh medium","Closed","Glan Yr Afon","Ystalyfera","Swansea","SA9 2JJ","http://mylocalschool.wales.gov.uk/School/6714060"
110,"0101000020346C0000340E69A552EC10411668647F7DF10741","6714064","Cefn Saeson Comprehensive School","Neath Port Talbot","Uwchradd (ystod oedran 11-16)","Mixed","English medium","Open","Afan Valley Road","Cimla","Neath","SA11 3TA","http://mylocalschool.wales.gov.uk/School/6714064"
111,"0101000020346C0000631983F4159B1041A2162D6B35D80841","6714065","Cwmtawe Community School","Neath Port Talbot","Uwchradd (ystod oedran 11-16)","Mixed","English medium","Open","Ffordd Parc Ynysderw","Pontardawe","Swansea","SA8 4EG","http://mylocalschool.wales.gov.uk/School/6714065"
112,"0101000020346C0000960642D543E2104166EDFBD6DA520841","6714066","Llangatwg Community School","Neath Port Talbot","Uwchradd (ystod oedran 11-16)","Mixed","English medium","Open","Main Road","Cadoxton","Neath","SA10 8DB","http://mylocalschool.wales.gov.uk/School/6714066"
113,"0101000020346C0000E48AB4CE4FC41041E693B714CC280841","6714067","Dwr Y Felin Comprehensive School","Neath Port Talbot","Uwchradd (ystod oedran 11-16)","Mixed","English medium","Open","Dwr Y Felin Road","Neath",NULL,"SA10 7RE","http://mylocalschool.wales.gov.uk/School/6714067"
114,"0101000020346C00004FFF210406C010418C84476C94DC0741","6714068","Cwrt Sart Community Comprehensive School","Neath Port Talbot","Uwchradd (ystod oedran 11-16)","Mixed","English medium","Closed","Old Road","Briton Ferry","Neath","SA11 2ET","http://mylocalschool.wales.gov.uk/School/6714068"
115,"0101000020346C00009E67EA538FD510414C4ECB8F46420741","6714601","St Joseph's RC School and 6th Form Centre","Neath Port Talbot","Uwchradd (ystod oedran 11-19)","Mixed","English medium","Open","Newton Avenue","Aberavon","Port Talbot","SA12 6EY","http://mylocalschool.wales.gov.uk/School/6714601"
116,"0101000020346C0000AF019AB4D74F114186212C5F31420641","6724059","Cynffig Comprehensive","Bridgend","Uwchradd (ystod oedran 11-19)","Mixed","English medium","Open","East Avenue","Kenfig Hill","Bridgend","CF33 6NP","http://mylocalschool.wales.gov.uk/School/6724059"
117,"0101000020346C000048577020FFAA1141AAC78C30AC180641","6724068","Bryntirion Comprehensive.","Bridgend","Uwchradd (ystod oedran 11-19)","Mixed","English medium","Open","Merlin Crescent","Cefn Glas","Bridgend","CF31 4QR","http://mylocalschool.wales.gov.uk/School/6724068"
118,"0101000020346C0000BADF4C921B701141AA06E80884650741","6724071","Maesteg Comprehensive School","Bridgend","Uwchradd (ystod oedran 11-19)","Mixed","English medium","Open","Ffordd Dysgu","Maesteg","Bridgend","CF34 0LQ","http://mylocalschool.wales.gov.uk/School/6724071"
119,"0101000020346C000012D4AA5A9A0F1241F415A7E5711C0641","6724076","Pencoed Comprehensive","Bridgend","Uwchradd (ystod oedran 11-19)","Mixed","English medium","Open","Coychurch Road","Pencoed","Bridgend","CF35 5LZ","http://mylocalschool.wales.gov.uk/School/6724076"
120,"0101000020346C00000A906E637ABC1141DC82A1B317D50541","6724078","Brynteg School","Bridgend","Uwchradd (ystod oedran 11-19)","Mixed","English medium","Open","Ewenny Road","Bridgend",NULL,"CF31 3ER","http://mylocalschool.wales.gov.uk/School/6724078"
121,"0101000020346C000040153488732B11414213EE0CE49D0541","6724080","Porthcawl Comprehensive School","Bridgend","Uwchradd (ystod oedran 11-19)","Mixed","English medium","Open","52 Park Avenue","Porthcawl","Bridgend","CF36 3ES","http://mylocalschool.wales.gov.uk/School/6724080"
122,"0101000020346C0000A28030DC6D8311418CB92B6B11FD0641","6724085","Ysgol Gyfun Gymraeg Llangynwyd","Bridgend","Uwchradd (ystod oedran 11-19)","Mixed","Welsh medium","Open","Llangynwyd","Maesteg","Bridgend","CF34 9RW","http://mylocalschool.wales.gov.uk/School/6724085"
123,"0101000020346C00005E2DEADD0EB411410A3540DA447C0641","6724086","Coleg Cymunedol Y Dderwen","Bridgend","Uwchradd (ystod oedran 11-19)","Mixed","English medium","Open","Heol Yr Ysgol","Tondu","Bridgend","CF32 9EL","http://mylocalschool.wales.gov.uk/School/6724086"
124,"0101000020346C0000F31D6E1BFCD11141C4789712F9F60541","6724601","Archbishop McGrath Catholic High School","Bridgend","Uwchradd (ystod oedran 11-19)","Mixed","English medium","Open","Oak Tree Way","Brackla","Bridgend","CF31 2DN","http://mylocalschool.wales.gov.uk/School/6724601"
125,"0101000020346C0000FE96960D1A271241EA40031B458F0441","6734060","Llantwit Major School","The Vale of Glamorgan","Uwchradd (ystod oedran 11-19)","Mixed","English medium","Open","Ham Lane East","Llantwit Major","Vale of Glamorgan","CF61 1TQ","http://mylocalschool.wales.gov.uk/School/6734060"
126,"0101000020346C00001468685937F412413A08E39D52A90441","6734061","Barry Comprehensive School","The Vale of Glamorgan","Uwchradd (ystod oedran 11-19)","Mixed","English medium","Open","Port Road West","Barry","Vale of Glamorgan","CF62 8ZJ","http://mylocalschool.wales.gov.uk/School/6734061"
127,"0101000020346C0000FC514E7DD10A1341166AA47674C90441","6734062","Bryn Hafren Comprehensive School","The Vale of Glamorgan","Uwchradd (ystod oedran 11-19)","Mixed","English medium","Open","Merthyr Dyfan Road","Barry","Vale of Glamorgan","CF62 9YQ","http://mylocalschool.wales.gov.uk/School/6734062"
128,"0101000020346C0000C9F62F662453124160A69AE2B3560541","6734065","Cowbridge Comprehensive School","The Vale of Glamorgan","Uwchradd (ystod oedran 11-19)","Mixed","English medium","Open","Aberthin Road","Cowbridge","Vale of Glamorgan","CF71 7EN","http://mylocalschool.wales.gov.uk/School/6734065"
129,"0101000020346C00007F6B20943B5813411E0DB0BBB3F40441","6734067","St Cyres Comprehensive School","The Vale of Glamorgan","Uwchradd (ystod oedran 11-19)","Mixed","English medium","Open","St Cyres Road","Penarth","The Vale of Glamorgan","CF64 2XP","http://mylocalschool.wales.gov.uk/School/6734067"
130,"0101000020346C0000A874765828261341CA0930BB2ABF0441","6734612","St Richard Gwyn Catholic High School","The Vale of Glamorgan","Uwchradd (ystod oedran 11-16)","Mixed","English medium","Open","Argae Lane","Barry","Vale of Glamorgan","CF63 1BL","http://mylocalschool.wales.gov.uk/School/6734612"
131,"0101000020346C0000183028B712671341AA1DC46EC9E40441","6735400","Stanwell School","The Vale of Glamorgan","Uwchradd (ystod oedran 11-19)","Mixed","English medium","Open","Archer Road","Penarth","The Vale of Glamorgan","CF64 2XL","http://mylocalschool.wales.gov.uk/School/6735400"
132,"0101000020346C0000AC201DBC8FAB124160F8ED2F87A30641","6744019","Bryncelynnog Comprehensive School","Rhondda Cynon Taf","Uwchradd (ystod oedran 11-19)","Mixed","English medium","Open","Penycoedcae Road","Beddau","Pontypridd","CF38 2AE","http://mylocalschool.wales.gov.uk/School/6744019"
133,"0101000020346C00002915C41AAFD51241F80046FC1A820741","6744022","The Pontypridd High School","Rhondda Cynon Taf","Uwchradd (ystod oedran 11-19)","Mixed","English medium","Open","Albion Site","Cilfynydd","Pontypridd","CF37 4SF","http://mylocalschool.wales.gov.uk/School/6744022"
134,"0101000020346C000069ECAE19D1E4124198DB5680DAE00641","6744027","Hawthorn High School","Rhondda Cynon Taf","Uwchradd (ystod oedran 11-19)","Mixed","English medium","Open","School Lane","Hawthorn","Pontypridd","CF37 5AL","http://mylocalschool.wales.gov.uk/School/6744027"
135,"0101000020346C00005D89AE98658E12419ACE592657620841","6744053","Mountain Ash Comprehensive School","Rhondda Cynon Taf","Uwchradd (ystod oedran 11-19)","Mixed","English medium","Open","New Road","Mountain Ash",NULL,"CF45 4DG","http://mylocalschool.wales.gov.uk/School/6744053"
136,"0101000020346C00001739208AB8D11241B47F7BE586B50641","6744054","Ysgol Gyfun Garth Olwg","Rhondda Cynon Taf","Uwchradd (ystod oedran 11-19)","Mixed","Welsh medium","Open","Y Brif Ffordd","Pentre'r Eglwys","Pontypridd","CF38 1DX","http://mylocalschool.wales.gov.uk/School/6744054"
137,"0101000020346C0000E860951154531241028FE7F92AF20641","6744057","Tonyrefail School","Rhondda Cynon Taf","Uwchradd (ystod oedran 11-19)","Mixed","English medium","Due to close","Gilfach Road","Tonyrefail","null","CF39 8HG","http://mylocalschool.wales.gov.uk/School/6744057"
138,"0101000020346C000087C590CD550A1241A0DFA5A2B9010841","6744081","Treorchy Comprehensive School","Rhondda Cynon Taf","Uwchradd (ystod oedran 11-19)","Mixed","English with significant Welsh","Open","Pengelli","Treorchy","Rhondda","CF42 6UL","http://mylocalschool.wales.gov.uk/School/6744081"
139,"0101000020346C00006D423D42413412410274CF274D230841","6744083","Ferndale Community School","Rhondda Cynon Taf","Uwchradd (ystod oedran 11-16)","Mixed","English medium","Open","Ferndale",NULL,NULL,"CF43 4AR","http://mylocalschool.wales.gov.uk/School/6744083"
140,"0101000020346C00002312E24E2B6D1241DAA485F8036B0741","6744087","Porth County Community","Rhondda Cynon Taf","Uwchradd (ystod oedran 11-19)","Mixed","English medium","Due to close","Cemetery Road","Porth","Rhondda Cynon Taf","CF39 0BS","http://mylocalschool.wales.gov.uk/School/6744087"
141,"0101000020346C00000A6984E83F4012413634E58A02780741","6744095","Tonypandy Community College","Rhondda Cynon Taf","Uwchradd (ystod oedran 11-19)","Mixed","English medium","Due to close","Llewellyn Street","null","Penygraig","CF40 1HQ","http://mylocalschool.wales.gov.uk/School/6744095"
142,"0101000020346C0000D46A6D72CB8E1241E071B01D883D0641","6744096","Y Pant Comprehensive","Rhondda Cynon Taf","Uwchradd (ystod oedran 11-19)","Mixed","English medium","Open","Cowbridge Road","Talbot Green","Pontyclun","CF72 8YQ","http://mylocalschool.wales.gov.uk/School/6744096"
143,"0101000020346C0000CF2CB0400172124102F67A73CB440741","6744097","Ysgol Gyfun Cwm Rhondda","Rhondda Cynon Taf","Uwchradd (ystod oedran 11-19)","Mixed","Welsh medium","Open","Heol Graigwen","Cymmer","Porth","CF39 9HA","http://mylocalschool.wales.gov.uk/School/6744097"
144,"0101000020346C00001EA869C97B20124152CB98E67A070941","6744105","Ysgol Gyfun Rhydywaun","Rhondda Cynon Taf","Uwchradd (ystod oedran 11-19)","Mixed","Welsh medium","Open","Rhodfa Lawrence","Penywaun","Hirwaun","CF44 9ES","http://mylocalschool.wales.gov.uk/School/6744105"
145,"0101000020346C0000D6A708A6735A12412879B5114AB90841","6744106","Aberdare Community School","Rhondda Cynon Taf","Uwchradd (ystod oedran 11-19)","Mixed","English medium","Open","Ynys Road","Ynys","Aberdare","CF44 7RP","http://mylocalschool.wales.gov.uk/School/6744106"
146,"0101000020346C0000827FABC127E812416A4595B904F70641","6744602","Cardinal Newman R.C.","Rhondda Cynon Taf","Uwchradd (ystod oedran 11-19)","Mixed","English medium","Open","Dynea Road","Rhydyfelin","Pontypridd","CF37 5DP","http://mylocalschool.wales.gov.uk/School/6744602"
147,"0101000020346C0000EA31E8C81F4512417CABDA80EAC00841","6744604","St.John Baptist High School","Rhondda Cynon Taf","Uwchradd (ystod oedran 11-19)","Mixed","English medium","Open","Glan Road","Aberdare","Rhondda Cynon Taf","CF44 8BW","http://mylocalschool.wales.gov.uk/School/6744604"
148,"0101000020346C0000889780E238BF1241102624710AAA0841","6754011","Afon Taf High School","Merthyr Tydfil","Uwchradd (ystod oedran 11-16)","Mixed","English medium","Open","Yew Street","Troedyrhiw","Merthyr Tydfil","CF48 4ED","http://mylocalschool.wales.gov.uk/School/6754011"
149,"0101000020346C0000DC757A968C9B124158400816E7730941","6754012","Pen-Y-Dre High School","Merthyr Tydfil","Uwchradd (ystod oedran 11-16)","Mixed","English medium","Open","Gurnos Estate","Merthyr Tydfil","null","CF47 9BY","http://mylocalschool.wales.gov.uk/School/6754012"
150,"0101000020346C00009FBC805451A5124168C6861F66340941","6754013","Cyfarthfa High School","Merthyr Tydfil","Uwchradd (ystod oedran 11-16)","Mixed","English medium","Open","Cae Mari Dwn","Queen's Road","Merthyr Tydfil","CF47 0LS","http://mylocalschool.wales.gov.uk/School/6754013"
151,"0101000020346C0000C5CDA967E4A312413A93B243D04F0941","6754600","Bishop Hedley High School","Merthyr Tydfil","Uwchradd (ystod oedran 11-16)","Mixed","English medium","Open","Gwaunfarren Road","Penydarren","Merthyr Tydfil","CF47 9AN","http://mylocalschool.wales.gov.uk/School/6754600"
152,"0101000020346C000040B3DB32B69A1341608BF78DB4070841","6764031","Newbridge School","Caerphilly","Uwchradd (ystod oedran 11-16)","Mixed","English medium","Open","Bridge Street","Newbridge","Newport","NP11 5FR","http://mylocalschool.wales.gov.uk/School/6764031"
153,"0101000020346C0000EC0194C76F621341BEFE364DE4E80741","6764032","Pontllanfraith Comprehensive","Caerphilly","Uwchradd (ystod oedran 11-16)","Mixed","English medium","Closed","Coed Caeddu Road","Pontllanfraith","Blackwood","NP12 2YB","http://mylocalschool.wales.gov.uk/School/6764032"
154,"0101000020346C000000BE9A60EF56134142ACEF4520200841","6764046","Blackwood Comprehensive School","Caerphilly","Uwchradd (ystod oedran 11-16)","Mixed","English medium","Open","Ty Isha Terrace","Cen Fforest","Blackwood","NP12 1ER","http://mylocalschool.wales.gov.uk/School/6764046"
155,"0101000020346C00003E649C291B6B13416CE0878ADC290841","6764053","Oakdale Comprehensive","Caerphilly","Uwchradd (ystod oedran 11-16)","Mixed","English medium","Closed","Penmaen Road","Oakdale","Blackwood","NP12 0DT","http://mylocalschool.wales.gov.uk/School/6764053"
156,"0101000020346C00002B9638BDBF2A13415C42DE15C4E70641","6764065","St Cenydd School","Caerphilly","Uwchradd (ystod oedran 11-19)","Mixed","English medium","Open","St Cenydd Road","Trecenydd","Caerphilly","CF83 2RP","http://mylocalschool.wales.gov.uk/School/6764065"
157,"0101000020346C0000B10B8CAD2BE51341B2BAA432BA370741","6764068","Risca Community Comprehensive","Caerphilly","Uwchradd (ystod oedran 11-16)","Mixed","English medium","Open","Pontymason Lane","Rogerstone","Newport","NP11 6YY","http://mylocalschool.wales.gov.uk/School/6764068"
158,"0101000020346C000032EF27525B411341BA616F20F3BD0641","6764070","St Martin's School","Caerphilly","Uwchradd (ystod oedran 11-19)","Mixed","English medium","Open","Hillside","Caerphilly","null","CF83 1UW","http://mylocalschool.wales.gov.uk/School/6764070"
159,"0101000020346C000040F30ADF532B1341F00D401CED5C0841","6764073","Heolddu Comprehensive School","Caerphilly","Uwchradd (ystod oedran 11-19)","Mixed","English medium","Open","Mountain Road","Bargoed","Caerphilly","CF81 8XL","http://mylocalschool.wales.gov.uk/School/6764073"
160,"0101000020346C00007DDE71C1BF40134106EBE0E5B3260841","6764075","Lewis School Pengam","Caerphilly","Uwchradd (ystod oedran 11-19)","Mixed","English medium","Open","Gilfach","Bargoed",NULL,"CF81 8LJ","http://mylocalschool.wales.gov.uk/School/6764075"
161,"0101000020346C00009C38F45CD2341341348BAD3B93B60741","6764077","Lewis Girls' Comprehensive School","Caerphilly","Uwchradd (ystod oedran 11-19)","Mixed","English medium","Open","Oakfield Street","Ystrad Mynach",NULL,"CF82 7WW","http://mylocalschool.wales.gov.uk/School/6764077"
162,"0101000020346C00003673D0C4540D134194C123EC97230941","6764090","Rhymney Comprehensive School,","Caerphilly","Uwchradd (ystod oedran 11-19)","Mixed","English medium","Closed","Mill Field","Abertysswg","Rhymney","NP2 5XF","http://mylocalschool.wales.gov.uk/School/6764090"
163,"0101000020346C0000331A8285FE60134188C996C77C090741","6764093","Bedwas High School","Caerphilly","Uwchradd (ystod oedran 11-19)","Mixed","English medium","Open","Newport Road","Bedwas","Caerphilly","CF83 8BJ","http://mylocalschool.wales.gov.uk/School/6764093"
164,"0101000020346C000060733C6C64491341BCBA42C0A7FB0741","6764103","Ysgol Gyfun Cwm Rhymni","Caerphilly","Uwchradd (ystod oedran 11-19)","Mixed","Welsh medium","Open","Heol Gelli Haf","Fleur De Lys","Blackwood","NP12 3JQ","http://mylocalschool.wales.gov.uk/School/6764103"
165,"0101000020346C0000EE8634BDCC7313414EF53BB07D4D0841","6764104","Islwyn High School","Caerphilly","Uwchradd (ystod oedran 11-16)","Mixed","English medium","Open","Waterloo","Oakdale","Blackwood","NP12 0NU","http://mylocalschool.wales.gov.uk/School/6764104"
166,"0101000020346C00002C90330A10A213413ED05937CEAB0741","6765400","Cwmcarn High School","Caerphilly","Uwchradd (ystod oedran 11-19)","Mixed","English medium","Open","Chapel Farm","Cwmcarn","Crosskeys","NP11 7NG","http://mylocalschool.wales.gov.uk/School/6765400"
167,"0101000020346C0000A9737E00B93013418839A830B76A0941","6774061","Tredegar Comprehensive School","Blaenau Gwent","Uwchradd (ystod oedran 11-16)","Mixed","English medium","Open","Stable Lane","Tredegar","Blaenau Gwent","NP22 4BH","http://mylocalschool.wales.gov.uk/School/6774061"
168,"0101000020346C00006076354C3FA31341F4F1B9C517FC0841","6774074","Abertillery Comprehensive","Blaenau Gwent","Uwchradd (ystod oedran 11-16)","Mixed","English medium","Closed","Alma Street","Abertillery","Blaenau Gwent","NP13 1YL","http://mylocalschool.wales.gov.uk/School/6774074"
169,"0101000020346C000072D5D519878213413E22C7B80FF20941","6775401","Brynmawr Foundation School","Blaenau Gwent","Uwchradd (ystod oedran 11-16)","Mixed","English medium","Open","Rhydw, Intermediate Road","Brymawr","Blaenau Gwent","NP23 4XT","http://mylocalschool.wales.gov.uk/School/6775401"
170,"0101000020346C00008C7591C8ED2B14412EC0F37C0BE00741","6784051","Croesyceiliog School","Torfaen","Uwchradd (ystod oedran 11-19)","Mixed","English medium","Open","Woodland Road","Croesyceiliog","Cwmbran","NP44 2YB","http://mylocalschool.wales.gov.uk/School/6784051"
171,"0101000020346C0000923D9418B6F21341DA40212A30DC0841","6784070","Abersychan Comprehensive","Torfaen","Uwchradd (ystod oedran 11-16)","Mixed","English medium","Open","INCLINE ROAD","ABERSYCHAN","Pontypool","NP4 7DF","http://mylocalschool.wales.gov.uk/School/6784070"
172,"0101000020346C000034453525F20A144118D8DDC656720841","6784072","West Monmouth School","Torfaen","Uwchradd (ystod oedran 11-16)","Mixed","English medium","Open","Blaendare Road","Pontypool","Torfaen","NP4 5YG","http://mylocalschool.wales.gov.uk/School/6784072"
173,"0101000020346C00003421FF4F4F0C1441683F6584A4B20841","6784075","Ysgol Gyfun Gwynllyw","Torfaen","Uwchradd (ystod oedran 11-19)","Mixed","Welsh medium","Open","Heol Folly","Trefddyn","Pontypool","NP4 8JD","http://mylocalschool.wales.gov.uk/School/6784075"
174,"0101000020346C00009218CFD7EBFA1341A60591503BC90741","6784076","Cwmbran High School","Torfaen","Uwchradd (ystod oedran 11-19)","Mixed","English medium","Open","Ty Gwyn Way","Fairwater","Cwmbran","NP44 4YZ","http://mylocalschool.wales.gov.uk/School/6784076"
175,"0101000020346C0000C02B5D5CCE091441E287B6374E880841","6784603","St. Albans R.C. High School","Torfaen","Uwchradd (ystod oedran 11-19)","Mixed","English medium","Open","The Park","Pontypool","Torfaen","NP4 6XG","http://mylocalschool.wales.gov.uk/School/6784603"
176,"0101000020346C0000DEA21B36786F15414060CC6486050A41","6794060","Monmouth Comprehensive School","Monmouthshire","Uwchradd (ystod oedran 11-19)","Mixed","English medium","Open","Old Dixton Road","Monmouth","Monmouthshire","NP25 3YT","http://mylocalschool.wales.gov.uk/School/6794060"
177,"0101000020346C0000ED46F9679D2314414472F7A567470A41","6794064","King Henry Viii Comprehensive","Monmouthshire","Uwchradd (ystod oedran 11-19)","Mixed","English medium","Open","Old Hereford Road","Abergavenny","Monmouthshire","NP7 6EP","http://mylocalschool.wales.gov.uk/School/6794064"
178,"0101000020346C0000F59B3563268815415C9FE14893BD0741","6794065","Chepstow Comprehensive School","Monmouthshire","Uwchradd (ystod oedran 11-19)","Mixed","English medium","Open","Welsh Street","Chepstow","Monmouthshire","NP16 5LR","http://mylocalschool.wales.gov.uk/School/6794065"
179,"0101000020346C0000BCD16B42763E15413059195FE4F60641","6794066","Caldicot School","Monmouthshire","Uwchradd (ystod oedran 11-19)","Mixed","English medium","Open","Mill Lane","Caldicot","Monmouthshire","NP26 5XA","http://mylocalschool.wales.gov.uk/School/6794066"
180,"0101000020346C000030E1F3A3F54A144144BC2DB97F230741","6804003","St Julian's School","Newport","Uwchradd (ystod oedran 11-19)","Mixed","English medium","Open","Heather Road","St Julian's","Newport","NP9 7XU","http://mylocalschool.wales.gov.uk/School/6804003"
181,"0101000020346C00000855C44ADD221441F47F5D3535910641","6804020","The John Frost School","Newport","Uwchradd (ystod oedran 11-19)","Mixed","English medium","Open","Lighthouse Road,","Duffryn","Newport","NP10 8YD","http://mylocalschool.wales.gov.uk/School/6804020"
182,"0101000020346C000066E4DF1F5B7714415235042DE5EE0641","6804021","Llanwern High School","Newport","Uwchradd (ystod oedran 11-19)","Mixed","English medium","Open","Hartridge Farm Road","Newport",NULL,"NP18 2YE","http://mylocalschool.wales.gov.uk/School/6804021"
183,"0101000020346C00001F276BE369211441EABC23A11C3A0741","6804025","Newport High School","Newport","Uwchradd (ystod oedran 11-19)","Mixed","English medium","Open","Bettws Lane","Newport",NULL,"NP20 7YB","http://mylocalschool.wales.gov.uk/School/6804025"
184,"0101000020346C0000FCE2A9309F631441C2EF854D86BD0641","6804026","Lliswerry High School","Newport","Uwchradd (ystod oedran 11-19)","Mixed","English medium","Open","Nash Road","Newport","null","NP19 4RP","http://mylocalschool.wales.gov.uk/School/6804026"
185,"0101000020346C0000F7904695A9FE134168E381936ECE0641","6804030","Bassaleg School","Newport","Uwchradd (ystod oedran 11-19)","Mixed","English medium","Open","Forge Lane","Bassaleg","Newport","NP10 8NF","http://mylocalschool.wales.gov.uk/School/6804030"
186,"0101000020346C00003D2EAED6625B14412451496FE9430741","6804059","Caerleon Comprehensive School","Newport","Uwchradd (ystod oedran 11-19)","Mixed","English medium","Open","Cold Bath Road","Caerleon","Newport","NP18 1NF","http://mylocalschool.wales.gov.uk/School/6804059"
187,"0101000020346C00008446940CEB30144108AD96CE363B0741","6804060","Ysgol Gyfun Gwent Is Coed","Newport","Uwchradd (ystod oedran 11-16)","Mixed","Welsh medium","Open","BRYNGLAS DRIVE","Newport","null","NP20 5QS","http://mylocalschool.wales.gov.uk/School/6804060"
188,"0101000020346C0000412EC44E7716144184F702A26A8D0641","6804602","St. Joseph's R.C. High School","Newport","Uwchradd (ystod oedran 11-19)","Mixed","English medium","Open","Pencarn Way","Tredegar Park","Newport","NP10 8XH","http://mylocalschool.wales.gov.uk/School/6804602"
189,"0101000020346C00002C666770AC311341F46779FF5A760541","6814035","Glyn Derw High School","Cardiff","Uwchradd (ystod oedran 11-19)","Mixed","English medium","Closed","Michaelston Road","Ely","Cardiff","CF5 4SX","http://mylocalschool.wales.gov.uk/School/6814035"
190,"0101000020346C000047049F8317721341E004DA4BBF090641","6814039","Cardiff High School","Cardiff","Uwchradd (ystod oedran 11-19)","Mixed","English medium","Open","Llandennis Road","Cyncoed","Cardiff","CF23 6WG","http://mylocalschool.wales.gov.uk/School/6814039"
191,"0101000020346C0000A256ABEE8E99134136B8502DE0930541","6814041","Willows High School","Cardiff","Uwchradd (ystod oedran 11-16)","Mixed","English medium","Open","Willows Avenue","Tremorfa","Cardiff","CF24 2YE","http://mylocalschool.wales.gov.uk/School/6814041"
192,"0101000020346C00006621207D43481341E6452D5D9B7A0541","6814042","Fitzalan High School","Cardiff","Uwchradd (ystod oedran 11-19)","Mixed","English medium","Open","Lawrenny Avenue","Leckwith","Cardiff","CF11 8XB","http://mylocalschool.wales.gov.uk/School/6814042"
193,"0101000020346C00002AAA73E6463113413AE5FB4FE8B00541","6814049","Cantonian High School","Cardiff","Uwchradd (ystod oedran 11-19)","Mixed","English medium","Open","Fairwater Road","Fairwater","Cardiff","CF5 3JR","http://mylocalschool.wales.gov.uk/School/6814049"
194,"0101000020346C000067D322296C641341E4E20025B03B0641","6814051","Llanishen High School","Cardiff","Uwchradd (ystod oedran 11-19)","Mixed","English medium","Open","Heol Hir","Llanishen","Cardiff","CF14 5YL","http://mylocalschool.wales.gov.uk/School/6814051"
195,"0101000020346C0000CBE4F1E6C85E13416425393BE8C70541","6814054","Cathays High School","Cardiff","Uwchradd (ystod oedran 11-19)","Mixed","English medium","Open","Crown Way","New Zealand Road","Cathays","CF14 3XG","http://mylocalschool.wales.gov.uk/School/6814054"
196,"0101000020346C0000CD338AD528231341985CC35ED6ED0541","6814070","Radyr Comprehensive School","Cardiff","Uwchradd (ystod oedran 11-19)","Mixed","English medium","Open","Heol Isaf","Radyr","Cardiff","CF15 8XG","http://mylocalschool.wales.gov.uk/School/6814070"
197,"0101000020346C0000F6D1B774863913417280B3D083D10541","6814071","Ysgol Gyfun Gymraeg Glantaf","Cardiff","Uwchradd (ystod oedran 11-19)","Mixed","Welsh medium","Open","Heol Y Bont","Gogledd Llandaf","Caerdydd","CF14 2JL","http://mylocalschool.wales.gov.uk/School/6814071"
198,"0101000020346C0000228EB6D9BE2313414C4E5409DCC30541","6814072","Ysgol Gyfun Gymraeg Plasmawr","Cardiff","Uwchradd (ystod oedran 11-19)","Mixed","Welsh medium","Open","Pentrebane Road","Tyllgoed","Caerdydd","CF5 3PZ","http://mylocalschool.wales.gov.uk/School/6814072"
199,"0101000020346C00009F3EB05D2B081341BE0E2D2756700541","6814073","Michaelston Community College","Cardiff","Uwchradd (ystod oedran 11-19)","Mixed","English medium","Closed","Michaelston Road","Ely","Cardiff","CF5 4SX","http://mylocalschool.wales.gov.uk/School/6814073"
200,"0101000020346C00009BAC182A07861341C67F3805AEDB0541","6814074","Ysgol Gyfun Gymraeg Bro Edern","Cardiff","Uwchradd (ystod oedran 11-19)","Mixed","Welsh medium","Open","Llanedeyrn Road","Pen-y-lan","Caerdydd","CF23 9DT","http://mylocalschool.wales.gov.uk/School/6814074"
201,"0101000020346C00004DE32B5B04B81341AAB88710E3F70541","6814076","Eastern High","Cardiff","Uwchradd (ystod oedran 11-16)","Mixed","English medium","Open","Eastern Community Campus","Trowbridge Road","null","CF3 1XZ","http://mylocalschool.wales.gov.uk/School/6814076"
202,"0101000020346C0000DB65BE7306B31341040F962117070641","6814600","St. Illtyd's Catholic High School","Cardiff","Uwchradd (ystod oedran 11-16)","Mixed","English medium","Open","Newport Road","Rumney","Cardiff","CF3 1XQ","http://mylocalschool.wales.gov.uk/School/6814600"
203,"0101000020346C0000DE13B8459915134164392AE200510541","6814607","Mary Immaculate High School","Cardiff","Uwchradd (ystod oedran 11-16)","Mixed","English medium","Open","Caerau Lane","Wenvoe","Cardiff","CF5 5QZ","http://mylocalschool.wales.gov.uk/School/6814607"
204,"0101000020346C00008E36AD94063413416239D726CEC00541","6814608","Bishop Of Llandaff Church In Wales High School","Cardiff","Uwchradd (ystod oedran 11-19)","Mixed","English medium","Open","Rookwood Close","Llandaff","Cardiff","CF5 2NR","http://mylocalschool.wales.gov.uk/School/6814608"
205,"0101000020346C0000EECFC9348F8C13410CDF0A3DC2ED0541","6814609","St Teilo's C-In-W High School","Cardiff","Uwchradd (ystod oedran 11-19)","Mixed","English medium","Open","Circle Way East","Cardiff","null","CF23 9PD","http://mylocalschool.wales.gov.uk/School/6814609"
206,"0101000020346C0000D9487EF642811341FA39AFC938400641","6814611","Corpus Christi Catholic High School","Cardiff","Uwchradd (ystod oedran 11-16)","Mixed","English medium","Open","Ty Draw Road","Lisvane","Cardiff","CF23 6XL","http://mylocalschool.wales.gov.uk/School/6814611"
207,"0101000020346C000062EB2BB13E3D13412881CAA52EFC0541","6815403","Whitchurch High School","Cardiff","Uwchradd (ystod oedran 11-19)","Mixed","English medium","Open","Penlline Road","Whitchurch","Cardiff","CF14 2XJ","http://mylocalschool.wales.gov.uk/School/6815403"
